{
  "anchor": {
    "location": [0.17384251952171326, 0.14069995284080505, 0.8930045366287231],
    "rotation_euler": [
      0.019631028175354004, 0.08024563640356064, -0.5746508240699768
    ],
    "scale": [0.02265641838312149, 0.02265641838312149, 0.02265641838312149]
  },
  "daratech": {
    "location": [0.18361905217170715, -0.08631611615419388, 0.7372589111328125],
    "rotation_euler": [
      0.47096219658851624, -0.04355834797024727, 1.4877299070358276
    ],
    "scale": [0.029366621747612953, 0.029366621747612953, 0.029366621747612953]
  },
  "dc": {
    "location": [0.5979384183883667, -0.014271937310695648, 0.9340923428535461],
    "rotation_euler": [
      -2.078235149383545, -0.028829291462898254, 1.74566650390625
    ],
    "scale": [-0.0242344718426466, -0.024234473705291748, -0.0242344718426466]
  },
  "gargoyle": {
    "location": [0.712988, 0.083369, 0.82758],
    "rotation_euler": [1.54018674, 0, -2.4908641],
    "scale": [-0.020889, -0.020889, -0.020889]
  },
  "lord_quas": {
    "location": [0.7863613367080688, -0.04065904766321182, 0.8866239786148071],
    "rotation_euler": [
      1.3382887840270996, -0.0014554117806255817, 1.685441255569458
    ],
    "scale": [0.02153373695909977, 0.02153373695909977, 0.02153373695909977]
  }
}
