{
  "anchor": {
    "location": [1.10421, 0.114716, 1.02771],
    "rotation_euler": [1.63130166, 0.02351517, -0.90877374],
    "scale": [0.017552, 0.017552, 0.017552]
  }
}
